City_ID,City,Country,Lat,Lng,Max Temp,Humidity,Cloudiness,Wind Speed,Current Description
0,Cockburn Town,TC,21.4612,-71.1419,83.43,74,5,11.14,clear sky
1,Rawson,AR,-43.3002,-65.1023,44.4,61,98,14.23,overcast clouds
2,Meulaboh,ID,4.1363,96.1285,74.21,87,99,4.41,overcast clouds
3,Barra Patuca,HN,15.8,-84.2833,81.21,80,73,7.61,broken clouds
4,Busselton,AU,-33.65,115.3333,50.94,78,89,6.69,overcast clouds
5,Esperance,AU,-33.8667,121.9,55.42,69,60,13.11,broken clouds
6,Port Elizabeth,ZA,-33.918,25.5701,55.69,98,0,2.3,clear sky
7,Meru,KE,0.0463,37.6559,58.57,80,78,5.55,broken clouds
8,Tazovskiy,RU,67.4667,78.7,30.49,82,18,9.91,few clouds
9,Dikson,RU,73.5069,80.5464,37.63,87,100,20.47,overcast clouds
10,Sept-Iles,CA,50.2001,-66.3821,58.05,86,40,4.61,scattered clouds
11,Qaqortoq,GL,60.7167,-46.0333,43.27,93,39,3.15,scattered clouds
12,Leh,IN,34.1667,77.5833,52.56,74,93,1.3,overcast clouds
13,Conde,BR,-7.2597,-34.9075,71.06,83,0,5.75,clear sky
14,Punta Arenas,CL,-53.15,-70.9167,39.22,75,100,13.8,overcast clouds
15,Voyvozh,RU,62.892,54.9635,30.56,97,75,4.61,broken clouds
16,Polewali,ID,-3.4324,119.3435,79.5,80,94,0.72,overcast clouds
17,Vila Franca Do Campo,PT,37.7167,-25.4333,79.2,90,72,10.42,light rain
18,Grindavik,IS,63.8424,-22.4338,52.27,87,75,1.14,broken clouds
19,Port Alfred,ZA,-33.5906,26.891,60.44,89,2,8.25,clear sky
20,Thompson,CA,55.7435,-97.8558,73.56,31,75,8.05,broken clouds
21,Yellowknife,CA,62.456,-114.3525,52.32,62,75,14.97,broken clouds
22,Kruisfontein,ZA,-34.0033,24.7314,53.82,78,0,5.93,clear sky
23,Guadalupe Y Calvo,MX,26.1,-106.9667,60.33,90,100,1.14,overcast clouds
24,Bose,IT,45.4612,8.0137,68.2,94,100,2.62,overcast clouds
25,San Carlos Del Zulia,VE,9.0,-71.9135,81.28,79,81,5.61,broken clouds
26,Tuktoyaktuk,CA,69.4541,-133.0374,42.8,93,100,12.66,light intensity drizzle
27,Bereda,ES,43.2686,-7.5406,61.41,100,90,5.14,overcast clouds
28,Nanortalik,GL,60.1432,-45.2371,43.41,92,23,4.74,few clouds
29,Medicine Hat,CA,50.0501,-110.6683,93.63,16,100,21.85,smoke
30,Ushuaia,AR,-54.8,-68.3,37.06,70,40,4.61,scattered clouds
31,Dutlwe,BW,-23.9833,23.9,56.75,71,0,13.85,clear sky
32,Bayonet Point,US,28.3267,-82.6834,86.23,80,99,1.01,overcast clouds
33,Kautokeino,NO,69.0125,23.0412,37.8,86,100,1.97,overcast clouds
34,Zhigansk,RU,66.7697,123.3711,45.55,73,96,6.93,overcast clouds
35,Rikitea,PF,-23.1203,-134.9692,72.68,72,4,23.82,clear sky
36,Albany,US,42.6001,-73.9662,67.33,88,97,1.66,overcast clouds
37,Castro,BR,-24.7911,-50.0119,57.6,91,9,2.95,clear sky
38,Orta Nova,IT,41.3299,15.7107,71.47,49,55,4.92,broken clouds
39,Victor Harbor,AU,-35.5667,138.6167,57.0,86,60,13.33,broken clouds
40,Cabo San Lucas,MX,22.8909,-109.9124,81.05,90,100,20.71,overcast clouds
41,Marzuq,YE,14.4,46.4667,80.24,55,31,4.68,scattered clouds
42,Ludhiana,IN,30.9,75.85,75.69,81,0,1.23,clear sky
43,Souillac,MU,-20.5167,57.5167,70.18,73,75,6.91,broken clouds
44,Puerto Colombia,CO,10.9878,-74.9547,75.29,78,100,3.91,overcast clouds
45,New Norfolk,AU,-42.7826,147.0587,54.72,76,89,1.99,overcast clouds
46,Dali,CN,25.7,100.1833,60.71,77,70,2.39,broken clouds
47,Qaanaaq,GL,77.484,-69.3632,31.01,84,82,2.17,broken clouds
48,Cayenne,GF,4.9333,-52.3333,80.64,78,71,0.0,broken clouds
49,Fairhope,US,30.523,-87.9033,84.67,80,0,4.61,clear sky
50,Chifeng,CN,42.2683,118.9636,70.68,34,0,7.4,clear sky
51,Los Llanos De Aridane,ES,28.6585,-17.9182,69.55,93,0,12.66,clear sky
52,Tomatlan,MX,19.9333,-105.25,82.56,81,100,4.9,overcast clouds
53,Ormara,PK,25.2088,64.6357,79.29,80,61,8.61,broken clouds
54,Arraial Do Cabo,BR,-22.9661,-42.0278,68.52,77,35,28.32,scattered clouds
55,Saskylakh,RU,71.9167,114.0833,36.99,79,98,9.42,overcast clouds
56,Bredasdorp,ZA,-34.5322,20.0403,47.95,94,24,1.57,few clouds
57,Mountain Home,US,43.133,-115.6912,101.68,8,20,5.75,few clouds
58,Altamont,US,42.2068,-121.7372,92.39,20,0,10.36,clear sky
59,Mahebourg,MU,-20.4081,57.7,70.09,73,75,6.91,broken clouds
60,Lebu,CL,-37.6167,-73.65,44.4,69,35,9.53,scattered clouds
61,Cape Town,ZA,-33.9258,18.4232,56.26,90,0,13.8,clear sky
62,Baicheng,CN,45.6167,122.8167,75.25,34,3,8.34,clear sky
63,Opuwo,NA,-18.0607,13.84,70.14,25,0,2.77,clear sky
64,Atuona,PF,-9.8,-139.0333,76.51,81,30,27.72,light rain
65,East London,ZA,-33.0153,27.9116,61.63,87,15,7.52,few clouds
66,Espinosa,BR,-14.9261,-42.8192,67.08,72,57,12.01,broken clouds
67,Kalabo,ZM,-14.97,22.6814,63.37,34,0,6.31,clear sky
68,Pangnirtung,CA,66.1451,-65.7125,47.1,62,87,9.01,overcast clouds
69,San Joaquin,US,37.9333,-121.3011,108.54,18,0,14.14,clear sky
70,Tiznit,MA,29.5833,-9.5,72.46,55,0,1.68,clear sky
71,Saldanha,ZA,-33.0117,17.9442,54.57,90,0,14.34,clear sky
72,Puerto El Triunfo,SV,13.2833,-88.55,90.52,85,97,3.69,overcast clouds
73,Borogontsy,RU,62.6683,131.1683,45.18,73,100,14.41,overcast clouds
74,Berezovyy,RU,51.6667,135.7,58.96,67,89,10.89,overcast clouds
75,Tiksi,RU,71.6872,128.8694,43.65,80,98,5.46,overcast clouds
76,Neuquen,AR,-38.9516,-68.0591,55.29,24,0,8.05,clear sky
77,Dacudao,PH,7.2153,125.4714,78.55,82,100,1.21,overcast clouds
78,Pisco,PE,-13.7,-76.2167,60.85,77,20,11.5,few clouds
79,Pangody,RU,65.85,74.4859,30.52,84,27,9.73,scattered clouds
80,Dudinka,RU,69.4058,86.1778,33.62,79,10,1.83,clear sky
81,La Ronge,CA,55.1001,-105.2842,70.05,35,75,10.36,broken clouds
82,Muisne,EC,0.6,-80.0333,73.78,86,100,11.79,overcast clouds
83,Lagoa,PT,39.05,-27.9833,74.84,88,99,21.34,light rain
84,Bambous Virieux,MU,-20.3428,57.7575,70.05,73,75,6.91,broken clouds
85,Pyaozerskiy,RU,65.8333,31.1667,42.78,64,100,5.35,overcast clouds
86,Tshikapa,CD,-6.4167,20.8,79.02,57,72,1.45,broken clouds
87,Georgetown,MY,5.4112,100.3354,78.89,96,40,3.44,scattered clouds
88,Salinopolis,BR,-0.6136,-47.3561,79.92,79,97,13.0,overcast clouds
89,Marsa Matruh,EG,31.3525,27.2453,77.2,65,40,5.75,scattered clouds
90,Khatanga,RU,71.9667,102.5,31.26,84,77,9.91,broken clouds
91,Karsun,RU,54.1994,46.9827,42.94,78,99,7.63,overcast clouds
92,Mangrol,IN,21.1167,70.1167,80.26,80,84,12.26,light rain
93,Gogrial,SS,8.5332,28.1004,72.7,89,55,3.15,broken clouds
94,Digboi,IN,27.3833,95.6333,74.34,89,96,0.98,overcast clouds
95,Hermanus,ZA,-34.4187,19.2345,53.8,88,23,8.05,few clouds
96,Biak,ID,-0.9131,122.8766,78.31,80,87,3.33,overcast clouds
97,San Jose,US,37.3394,-121.895,106.88,26,20,11.5,smoke
98,Mount Gambier,AU,-37.8333,140.7667,57.11,94,100,14.97,overcast clouds
99,Mount Darwin,ZW,-16.7725,31.5838,55.38,73,0,3.89,clear sky
100,Kutum,SD,14.2,24.6667,71.62,69,99,8.3,overcast clouds
101,Jamestown,US,42.097,-79.2353,66.18,69,100,8.05,overcast clouds
102,Labuhan,ID,-6.8844,112.2051,78.91,83,69,7.7,broken clouds
103,Tezu,IN,27.9167,96.1667,77.54,73,98,2.62,overcast clouds
104,Kalemie,CD,-5.9475,29.1947,74.37,51,36,1.99,scattered clouds
105,Tabou,CI,4.423,-7.3528,74.14,92,47,5.61,scattered clouds
106,Mar Del Plata,AR,-38.0023,-57.5575,62.62,77,0,9.22,clear sky
107,Texarkana,US,33.4251,-94.0477,88.02,61,0,7.0,clear sky
108,Padampur,IN,29.6833,73.6167,88.45,50,52,5.53,broken clouds
109,Laguna,US,38.421,-121.4238,111.06,15,0,9.22,clear sky
110,Bara,NG,10.3744,10.7288,72.39,93,78,5.5,broken clouds
111,Findhorn,GB,57.6572,-3.6085,60.33,94,0,11.5,clear sky
112,Siparia,TT,10.1333,-61.5,82.78,90,19,1.01,few clouds
113,Pimentel,PE,-6.8367,-79.9342,62.89,82,75,18.41,broken clouds
114,Kuusamo,FI,65.9667,29.1833,37.44,93,100,2.3,overcast clouds
115,Merauke,ID,-8.4667,140.3333,81.54,78,87,11.18,overcast clouds
116,Havre-Saint-Pierre,CA,50.2334,-63.5986,57.56,88,0,4.61,clear sky
117,Danjiangkou,CN,32.5428,111.5086,79.29,44,99,3.11,overcast clouds
118,Sri Aman,MY,1.2376,111.4621,73.45,100,61,0.0,broken clouds
119,Huancabamba,PE,-5.2386,-79.4506,59.86,79,89,4.18,overcast clouds
120,Vestmannaeyjar,IS,63.4427,-20.2734,53.74,87,100,8.37,light rain
121,Hithadhoo,MV,-0.6,73.0833,81.72,71,96,15.17,overcast clouds
122,Caravelas,BR,-17.7125,-39.2481,68.5,72,100,6.46,overcast clouds
123,Challans,FR,46.8436,-1.8749,63.97,78,31,17.87,scattered clouds
124,Shahrud,IR,36.4182,54.9763,67.51,58,0,7.34,clear sky
125,Linguere,SN,15.3953,-15.1193,81.14,74,59,9.37,broken clouds
126,Norman Wells,CA,65.282,-126.8329,59.04,41,75,9.22,broken clouds
127,Yanam,IN,16.7333,82.2167,74.16,97,100,3.04,moderate rain
128,Upernavik,GL,72.7868,-56.1549,37.47,79,97,5.73,overcast clouds
129,Cuamba,MZ,-14.8031,36.5372,65.48,65,61,3.4,broken clouds
130,Pokhara,NP,28.2333,83.9833,68.77,84,34,4.43,scattered clouds
131,Cambridge,CA,43.3601,-80.3127,73.78,56,0,4.61,clear sky
132,Bukachacha,RU,52.9833,116.9167,51.69,48,6,2.37,clear sky
133,Tonantins,BR,-2.8731,-67.8022,78.55,82,82,3.31,broken clouds
134,Flinders,AU,-34.5833,150.8552,65.17,73,99,5.99,overcast clouds
135,Ancud,CL,-41.8697,-73.8203,43.23,89,98,7.54,light rain
136,Torbay,CA,47.6666,-52.7314,54.28,89,100,11.5,light intensity drizzle
137,Koslan,RU,63.4564,48.8989,32.41,97,20,4.83,few clouds
138,Hay River,CA,60.8156,-115.7999,55.38,47,75,9.22,broken clouds
139,Fortuna,US,40.5982,-124.1573,73.09,94,92,7.45,overcast clouds
140,Key West,US,24.5557,-81.7826,91.4,64,20,5.75,few clouds
141,Konibodom,TJ,40.2843,70.4426,77.76,25,0,13.4,clear sky
142,San Quintin,MX,30.4833,-115.95,80.26,68,19,6.33,few clouds
143,Petrolia,CA,42.8668,-82.1498,70.99,64,0,11.5,clear sky
144,Miri,MY,4.4148,114.0089,75.34,100,40,4.61,scattered clouds
145,Beyneu,KZ,45.3167,55.2,63.61,42,89,6.6,overcast clouds
146,Estevan,CA,49.1334,-102.9842,91.74,40,0,10.36,clear sky
147,Saint-Philippe,RE,-21.3585,55.7679,69.39,78,16,7.67,few clouds
148,Saint-Augustin,CA,51.226,-58.6502,54.25,72,84,4.23,broken clouds
149,Ribeira Grande,PT,38.5167,-28.7,75.34,91,100,20.15,moderate rain
150,Strezhevoy,RU,60.7333,77.5889,42.69,95,100,18.23,overcast clouds
151,Bathsheba,BB,13.2167,-59.5167,83.01,78,40,6.91,scattered clouds
152,Krasnoselkup,RU,65.7,82.4667,35.2,93,100,19.22,light snow
153,Lazaro Cardenas,MX,17.9583,-102.2,83.26,74,56,7.43,broken clouds
154,Chapais,CA,49.7834,-74.8492,64.18,64,100,4.88,overcast clouds
155,Ponta Do Sol,PT,32.6667,-17.1,72.72,78,6,3.96,clear sky
156,Diffa,NE,13.3154,12.6113,81.95,67,82,4.94,broken clouds
157,Puerto Ayora,EC,-0.7393,-90.3518,68.56,92,99,8.99,overcast clouds
158,Belaya Kholunitsa,RU,58.84,50.8528,44.58,98,100,1.48,overcast clouds
159,Alta Floresta,BR,-9.8756,-56.0861,82.8,43,64,3.13,broken clouds
160,Newport,GB,51.5877,-2.9984,61.45,85,88,9.28,overcast clouds
161,Emirdag,TR,39.0197,31.15,55.09,53,0,2.84,clear sky
162,Jidong,CN,45.2167,131.0833,70.81,56,1,11.88,clear sky
163,Nha Trang,VN,12.25,109.1833,75.2,88,100,3.4,overcast clouds
164,Cabedelo,BR,-6.9811,-34.8339,72.27,78,7,15.93,clear sky
165,Elizabeth City,US,36.2946,-76.2511,79.02,81,0,17.27,clear sky
166,Cardston,CA,49.2,-113.3019,86.29,16,32,11.5,scattered clouds
167,Saurimo,AO,-9.6608,20.3916,71.02,33,47,4.03,scattered clouds
168,Kamenka,RU,51.3223,42.7678,45.59,52,100,8.59,overcast clouds
169,Nenjiang,CN,49.1833,125.2167,63.72,50,76,7.49,broken clouds
170,Atambua,ID,-9.1061,124.8925,80.47,43,79,2.21,broken clouds
171,Vaxjo,SE,56.8777,14.8091,51.85,93,0,6.91,clear sky
172,Fort Nelson,CA,58.8053,-122.7002,58.59,63,75,6.91,broken clouds
173,Bambanglipuro,ID,-7.95,110.2833,77.49,85,94,4.97,overcast clouds
174,Yumen,CN,40.2833,97.2,68.58,14,0,2.98,clear sky
175,Geraldton,AU,-28.7667,114.6,52.21,93,89,6.91,overcast clouds
176,Naberera,TZ,-4.2,36.9333,57.11,76,55,5.46,broken clouds
177,Benguela,AO,-12.5763,13.4055,70.23,89,79,4.03,broken clouds
178,Husavik,IS,66.0449,-17.3389,49.89,89,63,1.81,broken clouds
179,Cidreira,BR,-30.1811,-50.2056,60.67,94,18,9.04,few clouds
180,Gerash,IR,27.6652,54.1371,80.64,50,0,2.91,clear sky
181,Carnarvon,AU,-24.8667,113.6333,63.39,46,98,9.93,overcast clouds
182,Kuching,MY,1.55,110.3333,75.42,94,40,5.99,scattered clouds
183,Mutis,CO,6.2262,-77.4044,78.26,88,75,5.66,light rain
184,Zhuanghe,CN,39.7008,122.9911,69.42,77,0,5.39,clear sky
185,Aswan,EG,24.0934,32.907,83.89,37,0,10.11,clear sky
186,Karratha,AU,-20.7377,116.8463,69.39,47,1,5.37,clear sky
187,Usinsk,RU,65.9939,57.5281,32.45,92,54,8.59,broken clouds
188,Chuy,UY,-33.6971,-53.4616,57.97,93,22,6.02,few clouds
189,Clifton,US,40.8584,-74.1638,72.82,81,100,9.22,overcast clouds
190,Faya,SA,18.3851,42.4509,71.71,30,43,6.2,scattered clouds
191,Excelsior Springs,US,39.3392,-94.2261,84.9,44,0,5.75,clear sky
192,Pombas,CV,17.1503,-25.0201,76.78,84,39,9.48,scattered clouds
193,Aquiraz,BR,-3.9014,-38.3911,79.18,80,1,12.17,clear sky
194,Sistranda,NO,63.7256,8.834,49.96,68,30,5.26,scattered clouds
195,Tocopilla,CL,-22.092,-70.1979,59.22,67,21,7.11,few clouds
196,Hoquiam,US,46.9809,-123.8893,75.36,62,0,17.27,clear sky
197,Nichinan,JP,31.6,131.3667,76.68,68,95,8.01,overcast clouds
198,Houma,US,29.5958,-90.7195,82.99,83,0,4.61,clear sky
199,Saint George,US,37.1041,-113.5841,106.39,17,0,8.05,clear sky
200,Pangoa,PE,-12.1167,-73.0,74.43,58,66,3.13,broken clouds
201,Srandakan,ID,-7.9386,110.2506,77.54,85,95,4.97,overcast clouds
202,Ruteng,ID,-8.6136,120.4721,67.23,77,35,1.77,scattered clouds
203,Poplar Bluff,US,36.757,-90.3929,83.98,59,0,6.91,clear sky
204,Mahon,ES,39.8885,4.2658,79.36,83,20,6.91,few clouds
205,Mbala,ZM,-8.8402,31.3659,59.04,59,3,13.06,clear sky
206,Clarksdale,US,34.2001,-90.5709,85.98,58,0,11.5,clear sky
207,Xinmin,CN,41.9908,122.8253,67.51,67,0,10.78,clear sky
208,Atar,MR,20.5169,-13.0499,95.85,19,4,8.77,clear sky
209,Limoges,FR,45.75,1.3333,57.76,94,20,5.75,few clouds
210,Marrakesh,MA,31.6315,-8.0083,77.07,47,0,8.05,clear sky
211,Port Lincoln,AU,-34.7333,135.8667,53.6,91,86,20.69,overcast clouds
212,Palmerston,AU,-12.486,130.9833,85.93,69,20,4.61,few clouds
213,Batagay-Alyta,RU,67.8006,130.4114,43.09,61,100,11.52,overcast clouds
214,Clyde River,CA,70.4692,-68.5914,35.83,100,100,17.27,overcast clouds
215,Juneau,US,58.3019,-134.4197,60.98,99,100,6.91,overcast clouds
216,Iqaluit,CA,63.7506,-68.5145,42.53,86,75,4.61,broken clouds
217,Bolshaya Rechka,RU,51.9503,104.7355,55.67,74,51,5.35,broken clouds
218,Grande Prairie,CA,55.1667,-118.8027,62.78,36,40,25.32,scattered clouds
219,Praia Da Vitoria,PT,38.7333,-27.0667,77.25,88,75,13.24,light intensity shower rain
220,Honghu,CN,29.8206,113.4621,80.33,52,100,7.09,overcast clouds
221,Salalah,OM,17.0151,54.0924,77.09,94,100,5.75,overcast clouds
222,Akdepe,TM,42.0551,59.3788,60.89,32,91,14.67,overcast clouds
223,Diapaga,BF,12.0708,1.7889,71.19,90,100,0.65,overcast clouds
224,Kalmunai,LK,7.4167,81.8167,79.88,76,100,2.71,overcast clouds
225,Santa Catarina De Tepehuanes,MX,25.35,-105.7333,69.37,71,100,5.99,overcast clouds
226,High Rock,BS,26.6208,-78.2833,86.02,69,9,6.82,clear sky
227,Davila,PH,18.4726,120.5763,78.78,76,21,11.14,few clouds
228,Kanina,CD,-10.7341,25.4699,62.08,35,3,6.55,clear sky
229,Ixtapa,MX,20.7,-105.2,88.83,66,100,6.91,overcast clouds
230,Tasiilaq,GL,65.6145,-37.6368,42.96,99,100,3.18,light rain
231,Alihe,CN,50.5667,123.7167,58.53,61,5,3.56,clear sky
232,Tanete,ID,-3.9443,119.7848,79.57,81,99,6.69,overcast clouds
233,Port Hardy,CA,50.6996,-127.4199,62.78,67,40,12.66,scattered clouds
234,Lasa,IT,46.6166,10.7002,65.28,96,96,5.19,light rain
235,Sao Filipe,CV,14.8961,-24.4956,78.58,89,74,14.56,broken clouds
236,Znamenskoye,RU,57.1281,73.8282,44.2,93,100,10.49,overcast clouds
237,Damietta,EG,31.4165,31.8133,80.49,81,1,6.82,clear sky
238,Jining,CN,35.405,116.5814,70.63,70,72,4.32,broken clouds
239,Balti,MD,47.7617,27.9289,58.03,69,24,5.66,few clouds
240,Teguldet,RU,57.3064,88.1667,48.92,63,29,18.59,scattered clouds
241,Ranong,TH,9.9658,98.6348,73.33,89,100,13.38,light rain
242,Petushki,RU,55.9264,39.461,44.42,94,100,6.15,overcast clouds
243,Turukhansk,RU,65.8167,87.9833,39.24,88,100,15.77,light rain
244,Sandwick,GB,60.0,-1.25,57.02,94,100,18.41,overcast clouds
245,Inhambane,MZ,-23.865,35.3833,70.14,61,100,7.27,overcast clouds
246,Butembo,CD,0.15,29.2833,56.79,90,83,3.09,broken clouds
247,Portland,US,45.5234,-122.6762,84.99,46,40,18.41,scattered clouds
248,Rubio,VE,7.7013,-72.3557,81.45,91,49,4.03,scattered clouds
249,Erenhot,CN,43.6475,111.9767,69.19,26,0,10.6,clear sky
250,Constitucion,CL,-35.3333,-72.4167,47.52,81,93,7.45,overcast clouds
251,Onega,RU,63.9061,38.1404,41.47,89,96,7.11,overcast clouds
252,Tura,IN,25.5198,90.2201,75.45,89,100,3.51,overcast clouds
253,Lompoc,US,34.6391,-120.4579,99.79,56,0,13.8,clear sky
254,Tynaarlo,NL,53.0775,6.6167,62.89,88,88,3.44,overcast clouds
255,Contamana,PE,-7.3333,-75.0167,83.28,41,10,3.62,clear sky
256,Goya,AR,-29.14,-59.2626,65.71,49,18,8.84,few clouds
257,Tessalit,ML,20.1986,1.0114,93.31,14,3,7.49,clear sky
258,Martapura,ID,-3.4167,114.85,77.52,88,100,0.85,overcast clouds
259,Ucluelet,CA,48.9329,-125.5528,67.08,71,1,5.01,clear sky
260,Dvinskoy,RU,62.1535,45.1175,33.22,96,39,5.12,scattered clouds
261,Mogadishu,SO,2.0371,45.3438,75.25,85,23,16.31,few clouds
262,Prince George,CA,53.9166,-122.753,60.26,70,75,8.05,broken clouds
263,Saint Augustine,US,29.8947,-81.3145,87.06,77,0,8.05,clear sky
264,Bengkulu,ID,-3.8004,102.2655,73.81,87,100,4.79,overcast clouds
265,Chicama,PE,-7.8447,-79.1469,59.54,79,68,7.27,broken clouds
266,Sibu,MY,2.3,111.8167,73.71,94,20,3.44,few clouds
267,Teya,RU,60.3778,92.6267,51.91,88,77,16.96,broken clouds
268,Narsaq,GL,60.9167,-46.05,46.62,82,52,3.38,broken clouds
269,Kolyshley,RU,52.7005,44.5367,43.99,63,92,6.58,light rain
270,Santa Cruz,BO,-17.8,-63.1667,80.65,44,0,19.57,smoke
271,Baykit,RU,61.67,96.37,48.24,99,100,4.79,overcast clouds
272,Coihaique,CL,-45.5752,-72.0662,35.55,87,100,2.3,overcast clouds
273,Algiers,DZ,36.7525,3.042,75.02,73,40,4.61,scattered clouds
274,Puerto Palomas,MX,31.7667,-107.6167,84.51,24,100,10.18,overcast clouds
275,Mbandaka,CD,0.0487,18.2603,74.08,77,76,1.9,broken clouds
276,Rio Grande,BR,-32.035,-52.0986,60.94,85,86,6.17,overcast clouds
277,Moche,PE,-8.1711,-79.0092,60.98,88,100,8.05,fog
278,Hambantota,LK,6.1241,81.1185,78.04,82,100,17.34,moderate rain
279,Andra,RU,62.5147,65.8878,37.36,96,94,3.02,overcast clouds
280,Rocha,UY,-34.4833,-54.3333,57.81,90,0,4.76,clear sky
281,Khandbari,NP,27.3747,87.2039,71.64,91,93,1.41,overcast clouds
282,Quelimane,MZ,-17.8786,36.8883,68.38,82,0,4.16,clear sky
283,Manono,CD,-7.3,27.4167,74.86,26,5,4.36,clear sky
284,San Vicente,AR,-26.6167,-54.1333,56.26,98,37,2.53,scattered clouds
285,Baruun-Urt,MN,46.6806,113.2792,67.77,35,2,2.89,clear sky
286,Semirom,IR,31.4167,51.5667,61.32,52,8,1.01,clear sky
287,Boende,CD,-0.2167,20.8667,76.05,74,75,1.86,broken clouds
288,Hirara,JP,24.8,125.2833,80.46,78,40,20.71,scattered clouds
289,Awjilah,LY,29.1081,21.2869,74.41,46,0,10.25,clear sky
290,Madimba,TZ,-10.4,40.3333,69.03,89,2,8.63,clear sky
291,Broome,US,42.2506,-75.833,67.69,90,20,3.44,few clouds
292,Japura,ID,-0.3167,102.35,72.28,93,100,1.48,overcast clouds
293,Safford,US,32.834,-109.7076,94.12,20,0,10.36,clear sky
294,Berdigestyakh,RU,62.0989,126.6992,45.09,75,100,14.47,overcast clouds
295,Barkly West,ZA,-28.5354,24.5215,51.08,31,0,11.36,clear sky
296,Requena,ES,39.4883,-1.1004,74.52,30,90,6.58,overcast clouds
297,Hoopstad,ZA,-27.8327,25.9083,57.61,57,0,8.86,clear sky
298,Santa Barbara,US,34.7333,-120.0343,95.31,27,0,9.22,clear sky
299,Gap,FR,44.6667,6.0,51.84,91,99,1.32,moderate rain
300,Salinas,US,36.6777,-121.6555,104.56,52,0,14.97,clear sky
301,Bilma,NE,18.6853,12.9164,91.53,27,12,2.64,few clouds
302,Ilulissat,GL,69.2167,-51.1,39.22,87,75,1.14,broken clouds
303,Tommot,RU,58.9564,126.2925,43.0,88,97,11.56,overcast clouds
304,Scarborough,GB,54.2797,-0.4044,58.33,91,91,5.19,overcast clouds
305,Umm Lajj,SA,25.0213,37.2685,84.09,56,0,12.5,clear sky
306,Port Augusta,AU,-32.5,137.7667,58.35,69,46,13.65,moderate rain
307,Parry Sound,CA,45.3501,-80.033,71.65,53,0,5.37,clear sky
308,Soloneshnoye,RU,51.6544,84.3197,56.77,49,98,3.98,overcast clouds
309,Rio Gallegos,AR,-51.6226,-69.2181,37.45,56,0,11.5,clear sky
310,Kapit,MY,2.0167,112.9333,75.18,96,71,0.63,broken clouds
311,Berlevag,NO,70.8578,29.0864,48.2,92,100,22.15,overcast clouds
312,Viedma,AR,-40.8135,-62.9967,47.89,75,100,16.26,overcast clouds
313,The Pas,CA,53.8251,-101.2541,75.22,35,0,14.97,clear sky
314,Kuryk,KZ,43.2,51.65,63.66,46,80,9.8,broken clouds
315,Airai,TL,-8.9266,125.4092,70.93,29,96,2.39,overcast clouds
316,Muli,MV,2.9167,73.5667,81.39,77,91,14.27,overcast clouds
317,Sokoto,NG,13.0609,5.239,72.64,87,98,6.46,light rain
318,Hobart,AU,-42.8794,147.3294,55.06,83,75,6.91,broken clouds
319,Port Hawkesbury,CA,45.6169,-61.3485,62.19,88,75,4.61,broken clouds
320,Teknaf,BD,20.8624,92.3058,79.5,89,99,3.71,overcast clouds
321,Olafsvik,IS,64.8945,-23.7142,52.36,78,37,3.47,scattered clouds
322,Monastyrshchina,RU,54.3496,31.838,40.59,96,78,6.29,broken clouds
323,Urozhaynoye,RU,44.7883,44.9228,53.89,77,30,2.59,scattered clouds
324,Balc,RO,47.2833,22.5333,65.91,70,79,5.06,broken clouds
325,Klaksvik,FO,62.2266,-6.589,58.12,98,71,17.05,light rain
326,Qingdao,CN,36.0986,120.3719,69.4,78,0,0.0,clear sky
327,Ust-Maya,RU,60.4167,134.5333,42.03,95,100,12.75,light rain
328,Mangai,CD,-4.05,19.5333,74.26,79,57,1.1,broken clouds
329,Taoudenni,ML,22.6783,-3.9836,96.67,16,10,7.87,clear sky
330,Victoria,HK,22.2855,114.1577,86.25,78,97,5.01,overcast clouds
331,Acajutla,SV,13.5928,-89.8275,81.28,82,56,4.74,broken clouds
332,Iwanai,JP,42.9744,140.5089,70.52,56,0,5.35,clear sky
333,Shalyhyne,UA,51.5717,34.1217,44.96,57,94,8.46,overcast clouds
334,Ginir,ET,7.1333,40.7,60.37,78,28,7.9,light rain
335,Manta,EC,-0.95,-80.7333,71.38,78,100,18.41,overcast clouds
336,Hami,CN,42.8,93.45,76.64,13,3,7.49,clear sky
337,La Roda,ES,39.2167,-2.15,66.9,36,100,6.02,overcast clouds
338,Talnakh,RU,69.4865,88.3972,33.21,80,14,2.06,few clouds
339,Port Blair,IN,11.6667,92.75,75.24,100,100,1.14,mist
340,Camocim,BR,-2.9022,-40.8411,77.94,75,5,15.64,clear sky
341,Guerrero Negro,MX,27.9769,-114.0611,78.13,77,92,24.07,overcast clouds
342,Makat,KZ,47.6469,53.3463,55.99,38,25,8.03,scattered clouds
343,Fort Walton Beach,US,30.4058,-86.6188,83.08,77,75,6.91,broken clouds
344,Aklavik,CA,68.2191,-135.0107,47.62,57,100,3.98,overcast clouds
345,Buraydah,SA,26.326,43.975,86.45,11,0,5.39,clear sky
346,San Francisco De Macoris,DO,19.2952,-70.2554,74.08,92,63,3.38,broken clouds
347,Aksarka,RU,66.5606,67.7975,29.97,86,49,4.97,scattered clouds
348,Balkhash,KZ,46.844,74.9804,62.71,30,67,15.48,broken clouds
349,Belmonte,BR,-15.8631,-38.8828,70.39,83,97,11.45,overcast clouds
350,Simao,CN,22.7886,100.9748,65.17,78,77,2.13,broken clouds
351,Muros,ES,42.7762,-9.0603,66.09,87,88,4.34,overcast clouds
352,Moose Factory,CA,51.2585,-80.6094,64.4,68,0,5.75,haze
353,Baculin,PH,7.4525,126.5842,83.08,69,99,0.85,overcast clouds
354,Birao,CF,10.2849,22.7882,70.38,97,100,10.92,moderate rain
355,Teguise,ES,29.0605,-13.564,70.02,78,20,16.11,few clouds
356,Mogzon,RU,51.7435,111.9606,52.48,78,60,2.37,broken clouds
357,Burkburnett,US,34.0979,-98.5706,93.88,34,20,13.8,few clouds
358,Bastia,FR,42.6667,9.3333,72.3,92,75,3.44,broken clouds
359,Aykhal,RU,66.0,111.5,36.84,82,18,10.16,few clouds
360,Bunia,CD,1.5667,30.25,62.31,92,70,3.31,broken clouds
361,Santiago,CL,-33.4569,-70.6483,54.86,61,75,10.36,broken clouds
362,Curico,CL,-34.9833,-71.2333,46.74,100,100,4.61,overcast clouds
363,El Cope,PA,8.6167,-80.6,70.21,93,100,0.87,overcast clouds
364,Chany,RU,55.3121,76.7647,44.33,81,12,15.57,few clouds
365,Port-Gentil,GA,-0.7193,8.7815,76.96,83,75,13.8,broken clouds
366,Dingle,PH,10.9995,122.6711,81.16,84,69,4.32,broken clouds
367,Takhatgarh,IN,25.3333,73.0,82.53,63,20,3.33,few clouds
368,Pleasant Grove,US,40.3641,-111.7385,102.34,13,40,1.99,scattered clouds
369,Dauriya,RU,49.9333,116.8667,57.92,61,64,3.51,broken clouds
370,Henties Bay,NA,-22.116,14.2845,56.3,85,0,5.17,clear sky
371,Evansville,US,37.9748,-87.5558,80.65,63,40,4.61,scattered clouds
372,Khandyga,RU,62.6667,135.6,45.41,98,100,4.99,light rain
373,Sorong,ID,-0.8833,131.25,79.93,82,82,5.84,broken clouds
374,Cuenca,EC,-2.8833,-78.9833,64.53,42,40,9.22,scattered clouds
375,Hailey,US,43.5196,-114.3153,96.89,17,20,18.99,few clouds
376,Akyab,MM,20.15,92.9,80.89,85,96,4.94,overcast clouds
377,Imeni Poliny Osipenko,RU,52.4201,136.4853,61.57,63,75,11.03,broken clouds
378,Kosa,RU,59.9445,54.9977,43.32,96,100,1.01,light rain
379,Richards Bay,ZA,-28.783,32.0377,64.76,76,0,13.33,clear sky
380,Sagua La Grande,CU,22.8067,-80.0756,85.19,75,70,6.6,broken clouds
381,Port Hedland,AU,-20.3167,118.5667,66.25,63,5,5.75,clear sky
382,Porto Velho,BR,-8.7619,-63.9039,82.45,69,58,2.3,smoke
383,Luderitz,NA,-26.6481,15.1594,57.4,77,0,10.4,clear sky
384,Puerto Rondon,CO,6.2805,-71.1,74.77,87,38,4.68,moderate rain
385,Uarini,BR,-2.99,-65.1083,78.55,74,47,1.3,scattered clouds
386,Rehoboth,NA,-23.3167,17.0833,62.78,23,2,2.57,clear sky
387,Saint-Joseph,RE,-21.3667,55.6167,68.38,76,24,8.14,few clouds
388,Yar-Sale,RU,66.8333,70.8333,30.4,88,59,8.7,broken clouds
389,Kaliua,TZ,-5.0606,31.7936,67.82,69,68,3.13,broken clouds
390,Sishui,CN,35.6489,117.2758,71.53,61,68,1.23,broken clouds
391,Gambela,ET,8.25,34.5833,69.48,94,98,2.37,overcast clouds
392,Hilo,US,19.7297,-155.09,88.29,73,40,8.05,scattered clouds
393,Denpasar,ID,-8.65,115.2167,78.46,94,40,1.14,scattered clouds
394,Ponta Delgada,PT,37.7333,-25.6667,79.5,94,40,8.05,scattered clouds
395,Sosnovo-Ozerskoye,RU,52.5249,111.5418,51.87,71,81,3.67,broken clouds
396,Coro,VE,11.4045,-69.6734,83.05,74,75,8.41,broken clouds
397,Senador Jose Porfirio,BR,-2.5908,-51.9542,76.77,85,72,7.31,broken clouds
398,Lekoni,GA,-1.5843,14.2591,75.43,75,15,9.82,few clouds
399,Harer,ET,9.3094,42.1258,58.73,90,14,6.69,light rain
400,Ambilobe,MG,-13.2,49.05,63.23,80,9,4.09,clear sky
401,Dolores,AR,-36.3132,-57.6792,57.27,69,19,9.04,few clouds
402,Lhokseumawe,ID,5.1801,97.1507,77.52,80,100,4.05,moderate rain
403,Churhat,IN,24.428,81.6703,79.12,80,99,3.33,overcast clouds
404,Tornio,FI,65.8481,24.1466,30.22,71,77,2.24,broken clouds
405,Sakakah,SA,29.9697,40.2064,83.77,23,0,8.59,clear sky
406,Lingyuan,CN,41.24,119.4011,72.59,36,0,3.4,clear sky
407,Eden,US,36.4885,-79.7667,79.92,69,40,3.44,scattered clouds
408,Umba,RU,66.6871,34.3429,40.37,79,100,4.43,overcast clouds
409,Shimoda,JP,34.6667,138.95,77.36,88,100,9.19,moderate rain
410,Pereyaslovskaya,RU,45.8412,39.0238,51.85,42,1,4.7,clear sky
411,Oristano,IT,39.9,8.6,75.02,83,34,4.29,scattered clouds
412,Bodden Town,KY,19.2833,-81.25,86.0,74,40,0.0,scattered clouds
413,Chikwawa,MW,-16.0335,34.8009,68.68,63,24,5.1,few clouds
414,Aksehir,TR,38.3575,31.4164,57.34,40,0,4.76,clear sky
415,Kudymkar,RU,59.0173,54.656,44.02,95,100,3.18,overcast clouds
416,Paris,FR,48.8534,2.3488,61.57,93,100,9.22,overcast clouds
417,Paungde,MM,18.4833,95.5,75.72,95,32,2.8,scattered clouds
418,Alyangula,AU,-13.8483,136.4192,78.67,78,40,6.91,scattered clouds
419,Polyarnyy,RU,69.1989,33.4478,42.08,76,100,10.71,overcast clouds
420,Katobu,ID,-4.9408,122.5276,79.75,77,65,5.17,broken clouds
421,Kysyl-Syr,RU,63.8986,122.7617,44.26,81,71,7.43,broken clouds
422,Bredy,RU,52.4153,60.3411,42.73,71,19,7.27,few clouds
423,Seydi,TM,39.4816,62.9137,71.38,23,0,11.63,clear sky
424,Kropotkin,RU,45.4375,40.5756,52.09,42,26,5.61,scattered clouds
425,Vidim,RU,56.4088,103.1106,55.58,82,100,9.86,overcast clouds
426,Ginda,IN,30.6945,78.4932,61.59,81,0,4.88,clear sky
427,Barcelona,ES,41.3888,2.159,81.72,84,20,4.61,light rain
428,Marsaxlokk,MT,35.8419,14.5431,80.08,83,20,4.61,few clouds
429,Guatire,VE,10.4762,-66.5427,74.43,88,79,2.95,broken clouds
430,Guiratinga,BR,-16.3494,-53.7583,82.24,24,28,5.59,scattered clouds
431,Tumaco,CO,1.7986,-78.8156,76.89,83,50,10.33,scattered clouds
432,Bud,US,39.447,-86.1758,77.2,65,34,3.18,scattered clouds
433,Sao Joao Do Piaui,BR,-8.3581,-42.2467,76.96,36,53,4.41,broken clouds
434,Sumbuya,SL,7.6467,-11.9611,71.82,99,100,2.71,light rain
435,Timra,SE,62.487,17.3257,51.67,87,75,2.3,broken clouds
436,Bima,ID,-8.4667,118.7167,80.33,77,24,4.16,few clouds
437,Capoterra,IT,39.1763,8.9718,78.55,82,20,4.61,few clouds
438,Raudeberg,NO,61.9875,5.1352,54.27,65,69,9.4,broken clouds
439,Huarmey,PE,-10.0681,-78.1522,61.38,82,42,10.47,scattered clouds
440,Suleja,NG,9.1758,7.1808,69.89,98,100,0.36,light rain
441,Mutare,ZW,-18.9707,32.6709,51.51,94,2,2.8,clear sky
442,Araouane,ML,18.9048,-3.5265,89.69,34,99,1.41,overcast clouds
443,Nianzishan,CN,47.5167,122.8833,69.48,51,66,5.46,broken clouds
444,Proti,GR,40.95,24.0,68.85,62,1,1.7,clear sky
445,Longyearbyen,SJ,78.2186,15.6401,40.84,93,75,4.61,broken clouds
446,Hualmay,PE,-11.0964,-77.6139,60.91,79,37,10.67,scattered clouds
447,Wanning,CN,18.8003,110.3967,79.68,88,100,7.11,moderate rain
448,Eyl,SO,7.9803,49.8164,76.8,71,39,20.54,scattered clouds
449,Freeport,US,40.6576,-73.5832,73.36,73,100,10.36,overcast clouds
450,Vondrozo,MG,-22.8167,47.2833,60.62,89,92,0.83,light rain
451,Port Alberni,CA,49.2413,-124.8028,79.88,34,2,10.0,clear sky
452,Luwuk,ID,-0.9516,122.7875,80.35,82,85,2.93,overcast clouds
453,Sayyan,YE,15.1718,44.3244,65.62,28,71,10.56,broken clouds
454,Saint-Francois,FR,46.4154,3.9054,60.24,94,40,3.44,scattered clouds
455,Batagay,RU,67.6333,134.6333,43.9,87,100,13.13,light rain
456,Maidstone,GB,51.2667,0.5167,60.67,78,100,1.99,moderate rain
457,Hinton,CA,53.4001,-117.5857,65.12,24,78,13.87,broken clouds
458,Coruripe,BR,-10.1256,-36.1756,72.1,72,0,10.69,clear sky
459,Torfyanoy,RU,58.4916,49.1979,44.65,98,100,1.7,overcast clouds
460,Warrington,GB,53.3925,-2.5802,60.33,93,40,9.22,scattered clouds
461,Hope,US,33.6671,-93.5916,87.85,65,35,4.81,scattered clouds
462,Nago,JP,26.5881,127.9761,82.83,79,45,11.18,scattered clouds
463,Mecca,SA,21.4267,39.8261,85.46,43,2,6.26,clear sky
464,Gat,IL,31.61,34.7642,75.88,78,0,3.33,clear sky
465,Garowe,SO,8.4054,48.4845,73.72,64,10,26.02,clear sky
466,La Mata,PA,8.0833,-80.8833,75.96,91,100,6.11,overcast clouds
467,San Patricio,US,28.017,-97.5169,87.89,63,84,10.8,broken clouds
468,Mount Isa,AU,-20.7333,139.5,82.17,36,46,8.05,scattered clouds
469,Kirundo,BI,-2.5833,30.1667,62.76,94,100,2.1,overcast clouds
470,Longhua,CN,23.6137,114.1919,80.71,83,74,1.66,broken clouds
471,Votkinsk,RU,57.0486,53.9872,46.78,94,100,6.62,overcast clouds
472,Woodway,US,31.506,-97.205,93.36,50,0,8.05,clear sky
473,Hamilton,US,39.1834,-84.5333,77.85,69,20,8.05,few clouds
474,Tukrah,LY,32.5341,20.5791,76.68,61,0,16.4,clear sky
475,San Martin,AR,-33.081,-68.4681,70.34,19,73,25.23,broken clouds
476,Bria,CF,6.5423,21.9863,70.7,97,100,3.11,light rain
477,Kloulklubed,PW,7.0419,134.2556,77.5,71,99,4.85,overcast clouds
478,Swan River,CA,52.1058,-101.2676,82.29,32,18,10.36,few clouds
479,Iquique,CL,-20.2208,-70.1431,57.24,72,25,3.22,scattered clouds
480,Vardo,NO,70.3705,31.1107,44.58,81,100,11.5,overcast clouds
481,Laval,CA,45.57,-73.692,72.91,64,20,5.75,few clouds
482,Zaysan,KZ,47.4667,84.8667,65.79,26,0,2.1,clear sky
483,Hobyo,SO,5.3505,48.5268,75.13,87,63,23.8,broken clouds
484,Kidal,ML,18.4411,1.4078,91.8,20,17,7.74,few clouds
485,Windsor,CA,42.3001,-83.0165,77.29,63,0,8.05,clear sky
486,Oistins,BB,13.0667,-59.5333,82.49,78,40,6.91,scattered clouds
487,Maraba,BR,-5.3686,-49.1178,84.38,58,0,4.61,clear sky
488,Prince Albert,CA,53.2001,-105.7677,82.35,36,100,6.91,overcast clouds
489,Knysna,ZA,-34.0363,23.0471,54.27,64,0,3.65,clear sky
490,Rosita,NI,13.9268,-84.4032,76.46,95,83,1.72,broken clouds
491,Ketchikan,US,55.3422,-131.6461,63.07,67,75,5.75,broken clouds
492,Comodoro Rivadavia,AR,-45.8667,-67.5,35.46,93,100,4.61,light rain
493,Sainte-Rose,GP,16.3324,-61.6979,78.84,89,100,2.3,overcast clouds
494,Lakselv,NO,70.0513,24.9718,46.22,81,100,3.44,overcast clouds
495,Antigonish,CA,45.6169,-61.9986,62.82,80,22,2.71,few clouds
496,Alice Springs,AU,-23.7,133.8833,62.15,26,0,1.14,clear sky
497,Finnsnes,NO,69.2296,17.9811,40.75,88,92,2.57,overcast clouds
498,Aragats,AM,40.4889,44.3528,47.77,89,37,2.06,scattered clouds
499,Mashivka,UA,49.4431,34.8669,46.13,60,8,6.69,clear sky
500,Lamu,KE,-2.2717,40.902,75.42,82,13,15.39,few clouds
501,Jian,CN,27.1172,114.9793,76.26,66,97,1.5,overcast clouds
502,Marsh Harbour,BS,26.5412,-77.0636,83.89,69,29,5.86,scattered clouds
503,Kodinsk,RU,58.6881,99.1844,53.29,97,100,4.34,overcast clouds
504,Mana,GF,5.6592,-53.7767,78.37,86,13,10.31,few clouds
505,Nagato,JP,34.3833,131.2,76.14,69,100,16.37,overcast clouds
506,Calamar,CO,10.2511,-74.9146,79.39,85,100,7.27,overcast clouds
507,Iracoubo,GF,5.4802,-53.2011,78.89,85,53,11.21,broken clouds
508,Saint-Leu,RE,-21.15,55.2833,69.31,69,69,6.69,broken clouds
509,Nyrob,RU,60.733,56.7202,39.96,99,98,3.36,overcast clouds
510,Sivas,TR,39.7916,37.0019,43.79,91,0,3.62,clear sky
511,Mandalgovi,MN,45.7625,106.2708,64.38,33,3,4.21,clear sky
512,Isla Mujeres,MX,21.2311,-86.731,82.17,74,10,5.79,clear sky
513,Sur,OM,22.5667,59.5289,79.0,70,0,8.68,clear sky
514,Kungurtug,RU,50.5994,97.5228,54.64,41,2,2.82,clear sky
515,Pedasi,PA,7.5333,-80.0333,79.07,87,82,7.76,broken clouds
516,Svetlaya,RU,46.5389,138.3297,66.88,56,0,10.51,clear sky
517,Aasiaat,GL,68.7098,-52.8699,36.46,92,100,6.31,overcast clouds
518,Necochea,AR,-38.5473,-58.7368,59.79,61,92,8.59,overcast clouds
519,Soyo,AO,-6.1349,12.3689,73.29,91,44,8.12,scattered clouds
520,Bandarbeyla,SO,9.4942,50.8122,76.73,76,9,24.65,clear sky
521,Jiujiang,CN,29.7333,115.9833,77.09,61,100,6.64,overcast clouds
522,Tanda,IN,26.55,82.65,80.17,81,23,6.02,few clouds
523,Stratford,US,41.1845,-73.1332,71.55,71,100,9.22,overcast clouds
524,Canico,PT,32.6333,-16.85,72.72,85,20,3.44,few clouds
525,Kanniyakumari,IN,8.0833,77.5667,77.43,86,100,18.5,overcast clouds
526,Ternate,ID,0.8,127.4,81.25,76,84,2.46,broken clouds
527,Silvassa,IN,20.2667,73.0167,76.59,95,100,4.34,overcast clouds
528,Abastumani,GE,41.7075,42.8457,41.09,82,18,1.97,few clouds
529,Deputatskiy,RU,69.3,139.9,37.85,94,100,7.72,light rain
530,Rio De Janeiro,BR,-22.9028,-43.2075,71.94,67,0,6.91,clear sky
531,Xichang,CN,27.8964,102.2634,62.89,92,100,1.63,light rain
532,Catuday,PH,16.2923,119.8062,81.55,80,79,5.08,broken clouds
533,Asosa,ET,10.0667,34.5333,60.64,95,100,2.57,light rain
534,Malia,GR,35.2833,25.4667,74.82,75,21,13.47,few clouds
535,Diego De Almagro,CL,-26.3667,-70.05,55.36,48,71,4.38,broken clouds
536,Tsaratanana,MG,-16.7833,47.65,61.54,74,0,7.92,clear sky
537,Basco,PH,20.4487,121.9702,82.92,75,100,20.22,overcast clouds
538,Prieska,ZA,-29.6641,22.7474,59.72,13,0,2.89,clear sky
539,Pontiac,US,42.6389,-83.2911,75.96,54,20,8.05,few clouds
540,Saint-Pierre,RE,-21.3393,55.4781,69.91,64,100,5.75,overcast clouds
541,Gillette,US,44.2911,-105.5022,100.11,9,0,10.0,clear sky
542,Balykshi,KZ,47.0667,51.8667,48.2,53,0,4.47,clear sky
543,Anzio,IT,41.4853,12.6179,77.0,84,83,10.56,broken clouds
544,Abu Kamal,SY,34.4506,40.9171,85.15,34,0,5.91,clear sky
545,Igurubi,TZ,-4.0,33.7,69.87,53,83,7.58,broken clouds
546,Salima,MW,-13.7804,34.4587,72.57,55,47,11.54,scattered clouds
547,Kalaleh,IR,37.3807,55.4916,74.77,84,17,3.53,few clouds
548,Novo Aripuana,BR,-5.1206,-60.3797,83.19,54,63,2.77,broken clouds
549,Kota Kinabalu,MY,5.9749,116.0724,78.78,83,20,3.44,few clouds
550,Kiruna,SE,67.8557,20.2251,41.92,87,100,4.61,overcast clouds
551,Kununurra,AU,-15.7667,128.7333,78.78,73,3,2.3,clear sky
552,Moa,CU,20.6569,-74.9403,79.95,81,15,3.89,few clouds
553,Codrington,AU,-38.2667,141.9667,56.14,93,100,17.45,moderate rain
554,Nzega,RW,-2.479,29.5564,56.86,91,100,3.06,overcast clouds
555,Sindou,BF,10.6667,-5.1667,72.37,96,56,3.27,broken clouds
556,Fargo,US,46.8772,-96.7898,84.18,54,0,12.66,clear sky
557,Karlstad,SE,59.3793,13.5036,50.56,76,39,5.75,scattered clouds
558,Ostrovnoy,RU,68.0531,39.5131,42.35,86,100,18.01,light rain
559,Lintgen,LU,49.7158,6.1336,61.68,86,0,5.75,clear sky
560,Novyy Urengoy,RU,66.0833,76.6333,31.32,92,68,11.41,broken clouds
561,Nhamunda,BR,-2.1861,-56.7131,80.49,61,67,2.19,broken clouds
562,Rio Branco,BR,-9.9747,-67.81,88.41,40,12,2.3,smoke
563,Syamzha,RU,60.0158,41.0614,38.53,95,100,8.95,overcast clouds
564,Mocorito,MX,25.4833,-107.9167,81.27,73,100,5.48,overcast clouds
565,Taltal,CL,-25.4,-70.4833,55.58,79,40,2.73,scattered clouds
566,Tamiahua,MX,21.2667,-97.45,81.28,80,68,7.43,broken clouds
567,General Roca,AR,-39.0333,-67.5833,55.62,25,22,22.48,few clouds
568,San Carlos,VE,9.6612,-68.5827,74.52,92,93,2.08,overcast clouds
569,Tongren,CN,27.7172,109.1853,78.22,56,73,2.46,broken clouds
570,Sitka,US,57.0531,-135.33,62.49,59,75,10.36,broken clouds
571,Littlehampton,GB,50.8069,-0.5378,64.13,86,100,13.31,overcast clouds
572,Bubaque,GW,11.2833,-15.8333,80.91,81,100,7.38,light rain
573,Korla,CN,41.7597,86.1469,75.67,20,0,5.19,clear sky
574,Mayahi,NE,13.9553,7.6712,80.1,61,93,4.03,overcast clouds
575,Wageningen,NL,51.9667,5.6667,66.11,85,100,2.3,overcast clouds
576,Sao Geraldo Do Araguaia,BR,-6.4006,-48.555,86.32,27,30,2.46,scattered clouds
577,Santa Marta,CO,11.2408,-74.199,80.65,89,100,14.97,overcast clouds
578,Gibara,CU,21.1097,-76.1317,81.05,76,4,7.99,clear sky
579,Mayo,US,38.8876,-76.5119,71.08,94,100,5.01,overcast clouds
580,Dauphin,CA,51.1494,-100.0502,82.54,30,0,10.36,clear sky
581,Pilani,IN,28.3684,75.6041,84.31,54,4,5.14,clear sky
582,Ivoti,BR,-29.5911,-51.1606,67.96,90,6,3.65,clear sky
583,Marechal Candido Rondon,BR,-24.5561,-54.0567,66.58,83,14,7.18,few clouds
584,Carutapera,BR,-1.195,-46.02,77.2,85,99,7.11,overcast clouds
585,Vojens,DK,55.2464,9.306,62.17,77,75,11.5,broken clouds
586,San Francisco Del Mar,MX,16.2333,-94.65,84.43,76,93,13.85,overcast clouds
587,Lashio,MM,22.9333,97.75,66.6,85,92,2.15,overcast clouds
588,Totness,SR,5.8833,-56.3167,80.53,83,9,12.41,clear sky
589,Kargasok,RU,59.0556,80.8572,41.61,97,100,25.52,moderate rain
590,Sungai Besar,MY,3.6746,100.9867,77.43,87,100,3.96,overcast clouds
591,Krasnokamensk,RU,50.0979,118.0369,57.76,63,34,4.36,scattered clouds
592,Glenwood Springs,US,39.5505,-107.3248,95.07,15,0,0.0,clear sky
593,Akhnur,IN,32.8667,74.7333,81.18,75,0,2.62,clear sky
594,Oeiras,BR,-7.0253,-42.1311,79.27,34,44,6.15,scattered clouds
595,Kinkala,CG,-4.3614,14.7644,73.51,75,27,6.85,scattered clouds
596,Tignere,CM,7.3667,12.65,64.58,96,93,1.01,light rain
597,Saquena,PE,-4.6667,-73.5167,81.41,59,68,2.89,broken clouds
598,Harindanga,IN,22.0383,88.3214,81.64,85,100,6.17,light rain
599,Ust-Kuyga,RU,70.0167,135.6,45.88,69,100,11.5,overcast clouds
600,Aioi,JP,34.8036,134.4681,81.36,59,89,4.03,overcast clouds
601,Asfi,MA,32.2994,-9.2372,69.1,79,14,14.56,few clouds
602,Buenos Aires,AR,-34.6132,-58.3772,66.97,74,0,3.44,clear sky
603,Myitkyina,MM,25.3833,97.4,73.87,94,100,2.33,overcast clouds
604,Verkhoyansk,RU,67.5447,133.385,46.47,70,100,14.43,light rain
605,Goderich,CA,43.7501,-81.7165,68.92,77,0,9.22,clear sky
606,Bar Harbor,US,44.3876,-68.2039,61.27,80,10,1.01,clear sky
607,Bac Lieu,VN,9.285,105.7244,76.62,89,100,8.61,overcast clouds
608,Shieli,KZ,44.1667,66.75,66.49,21,93,17.58,overcast clouds
609,Tahoua,NE,14.8888,5.2692,79.88,69,72,11.52,broken clouds
610,Ferme-Neuve,CA,46.7001,-75.4493,61.18,72,0,1.52,clear sky
611,Thiruvananthapuram,IN,8.4833,76.9167,76.98,88,40,5.75,light rain
612,Gravdal,NO,68.1214,13.5031,48.61,74,58,8.43,broken clouds
613,Cheney,US,47.4874,-117.5758,88.12,24,0,17.27,clear sky
614,Anshun,CN,26.25,105.9333,66.18,65,74,2.21,broken clouds
615,Liverpool,GB,53.4106,-2.9779,60.15,92,40,9.22,scattered clouds
616,Oktyabrskiy,RU,54.4815,53.471,46.8,66,100,6.51,overcast clouds
617,Muhos,FI,64.808,25.9931,40.78,77,71,2.39,broken clouds
618,Mehamn,NO,71.0357,27.8492,48.15,87,100,13.8,drizzle rain
619,Andros Town,BS,24.7,-77.7667,84.34,68,40,7.7,scattered clouds
620,Jega,NG,12.2175,4.3792,74.57,90,99,1.66,overcast clouds
621,Jacqueville,CI,5.2052,-4.4146,73.78,91,21,9.6,few clouds
622,Ouadda,CF,8.0777,22.4007,68.27,95,99,3.06,overcast clouds
623,Kearney,US,40.6995,-99.0815,87.71,40,0,18.41,clear sky
624,Vieux-Habitants,GP,16.0589,-61.7659,78.37,77,100,5.1,overcast clouds
625,Kholm-Zhirkovskiy,RU,55.5189,33.4731,42.89,91,59,5.77,broken clouds
626,Carballo,ES,43.213,-8.691,65.89,88,78,3.85,broken clouds
627,Winneba,GH,5.3511,-0.6231,74.35,92,14,10.51,few clouds
628,Tarakan,ID,3.3,117.6333,78.04,84,84,5.41,broken clouds
629,Gazanjyk,TM,39.2446,55.5154,74.1,34,93,9.64,overcast clouds
630,Adjumani,UG,3.3779,31.7909,65.53,94,91,2.21,light rain
631,Devils Lake,US,48.1128,-98.8651,82.38,57,0,17.27,clear sky
632,Sao Luis,BR,-2.5297,-44.3028,82.6,78,0,9.22,clear sky
633,Sao Felix Do Xingu,BR,-6.6447,-51.995,86.41,36,68,2.3,broken clouds
634,Gamboula,CF,4.1178,15.1393,68.0,98,83,3.69,broken clouds
635,Andenes,NO,69.3143,16.1194,46.38,87,100,3.44,overcast clouds
636,Bezhanitsy,RU,56.9767,29.8907,39.45,96,72,3.96,broken clouds
637,Coquimbo,CL,-29.9533,-71.3436,53.33,76,40,5.75,scattered clouds
638,Mopti,ML,14.6667,-4.0,79.95,62,36,5.39,scattered clouds
639,Bonthe,SL,7.5264,-12.505,76.03,87,99,9.53,light rain
640,Poltavka,RU,54.3663,71.7632,44.11,81,9,11.32,clear sky
641,Gornopravdinsk,RU,60.05,69.9,40.95,98,100,4.54,overcast clouds
642,Wawa,NG,9.9022,4.4192,71.38,94,58,2.17,broken clouds
643,Lagos,NG,6.5833,3.75,79.12,91,93,5.79,overcast clouds
644,Andrelandia,BR,-21.7397,-44.3092,58.78,51,1,6.91,clear sky
645,Aranos,NA,-24.1333,19.1167,63.79,29,6,9.46,clear sky
646,Penzance,GB,50.1186,-5.5371,61.48,89,87,23.35,overcast clouds
647,Labuan,MY,5.2767,115.2417,77.36,94,40,2.3,scattered clouds
648,Afyonkarahisar,TR,38.75,30.6667,55.35,51,0,3.96,clear sky
649,Nabire,ID,-3.3667,135.4833,83.43,70,95,1.16,overcast clouds
650,Santo Amaro Da Imperatriz,BR,-27.6881,-48.7786,66.79,100,100,2.3,overcast clouds
651,Coahuayana,MX,18.7333,-103.6833,84.38,71,72,5.3,broken clouds
652,Phan Thiet,VN,10.9333,108.1,76.96,89,100,6.46,overcast clouds
653,Swellendam,ZA,-34.0226,20.4417,48.27,92,2,1.28,clear sky
654,Pozo Colorado,PY,-23.4923,-58.7972,78.84,37,5,6.51,clear sky
655,General Pico,AR,-35.6566,-63.7568,63.43,28,53,21.27,broken clouds
656,Syracuse,IT,37.0881,15.2792,78.39,73,2,2.46,clear sky
657,Kavaratti,IN,10.5669,72.642,79.59,82,100,26.93,overcast clouds
658,Nadym,RU,65.5333,72.5167,30.61,87,28,9.75,scattered clouds
659,Garmsar,IR,35.2182,52.3409,79.66,31,2,9.44,clear sky
660,Trinidad,BO,-14.8333,-64.9,82.38,51,0,0.0,smoke
661,Karaj,IR,35.8355,51.0103,75.72,28,0,9.22,clear sky
662,Sulangan,PH,11.1373,123.7228,83.16,75,70,4.7,broken clouds
663,Progreso,MX,21.2833,-89.6667,84.11,79,59,5.08,broken clouds
664,Kamir,PK,30.4333,73.05,83.8,58,2,4.9,clear sky
665,Surt,LY,31.2089,16.5887,79.0,67,0,10.31,clear sky
666,Banda Aceh,ID,5.5577,95.3222,79.23,76,100,12.19,overcast clouds
667,Fallon,US,39.4735,-118.7774,102.07,8,40,0.0,scattered clouds
668,Zaraza,VE,9.3503,-65.3245,76.51,89,100,2.77,overcast clouds
669,Diamantino,BR,-14.4086,-56.4461,89.33,26,36,4.68,scattered clouds
670,Nandgaon,IN,20.3167,74.65,76.37,85,100,3.89,overcast clouds
671,Namibe,AO,-15.1961,12.1522,64.81,93,38,3.67,scattered clouds
672,Karpogory,RU,64.0019,44.4451,34.66,98,92,4.88,overcast clouds
673,Serenje,ZM,-13.2325,30.2352,59.47,61,1,9.55,clear sky
674,Dicabisagan,PH,17.0818,122.4157,84.36,74,81,3.62,broken clouds
675,Angoche,MZ,-16.2325,39.9086,72.21,74,0,10.54,clear sky
676,Derbent,RU,42.0678,48.2899,62.6,87,100,6.71,light rain
677,Miraflores,MX,19.2167,-98.8083,63.25,87,93,0.11,overcast clouds
678,Matara,LK,5.9485,80.5353,76.53,90,100,10.29,moderate rain
679,Manadhoo,MV,5.7667,73.3833,80.87,81,100,15.52,overcast clouds
680,Nhulunbuy,AU,-12.2333,136.7667,84.81,70,20,11.5,few clouds
681,Cabiraoan,PH,18.3238,122.086,83.71,75,25,2.19,light rain
682,Balabac,PH,7.9868,117.0645,82.92,72,70,3.0,broken clouds
683,Aksu,CN,41.1231,80.2644,70.77,21,0,1.97,clear sky
684,Matagami,CA,49.7502,-77.6328,69.91,49,0,9.22,clear sky
685,Touba,CI,8.2833,-7.6833,68.63,98,88,8.66,moderate rain
686,Sijunjung,ID,-0.6876,100.9537,71.76,88,100,1.19,overcast clouds
687,Churapcha,RU,62.0025,132.4325,43.02,85,100,15.48,light rain
688,Dabakala,CI,8.3667,-4.4333,71.55,93,6,3.96,clear sky
689,Obzor,BG,42.8167,27.8833,62.82,66,2,7.49,clear sky
690,San Juan Tepa,MX,20.2167,-99.0667,66.54,72,75,9.26,broken clouds
691,Tananger,NO,58.9333,5.6,60.91,64,40,6.91,scattered clouds
692,Mantua,IT,45.1667,10.7833,76.24,76,88,6.91,overcast clouds
693,Ilhabela,BR,-23.7781,-45.3581,66.13,87,16,1.95,few clouds
694,Sao Joao Da Barra,BR,-21.6403,-41.0511,71.69,72,86,19.13,overcast clouds
695,Yulara,AU,-25.2406,130.9889,60.78,35,0,13.69,clear sky
696,Chake Chake,TZ,-5.2459,39.7666,71.06,87,1,7.56,clear sky
697,Naryan-Mar,RU,67.6713,53.087,36.1,91,96,6.15,overcast clouds
698,Thinadhoo,MV,0.5333,72.9333,82.44,70,100,15.19,overcast clouds
699,Brunico,IT,46.7958,11.9364,65.08,98,77,2.57,broken clouds
700,Sulphur Springs,US,33.1385,-95.6011,91.54,51,100,6.91,overcast clouds
701,Canyon,US,34.9803,-101.9188,92.46,29,0,9.48,clear sky
702,Jetalsar,IN,21.7,70.5833,77.54,83,91,6.8,moderate rain
703,Manuk Mangkaw,PH,4.8,119.85,82.04,73,100,2.1,overcast clouds
704,San Luis,AR,-33.295,-66.3356,62.29,19,48,7.0,scattered clouds
705,Quatre Cocos,MU,-20.2078,57.7625,69.91,69,81,9.28,broken clouds
706,Oyama,JP,36.3,139.8,78.58,91,100,7.27,overcast clouds
707,Kaveripattinam,IN,12.4207,78.2166,72.75,90,100,4.54,overcast clouds
708,Touros,BR,-5.1989,-35.4608,74.97,79,0,17.27,clear sky
709,Jacareacanga,BR,-6.2222,-57.7528,84.29,47,98,2.28,overcast clouds
710,Manokwari,ID,-0.8667,134.0833,82.42,63,98,2.13,overcast clouds
711,Cururupu,BR,-1.8283,-44.8683,75.25,90,88,4.34,overcast clouds
712,Shelomi,IL,33.0747,35.1461,77.86,79,13,6.53,few clouds
713,Nuuk,GL,64.1835,-51.7216,41.88,86,100,1.01,overcast clouds
714,Zhob,PK,31.3411,69.4481,74.82,66,0,1.52,clear sky
715,Ajdabiya,LY,30.7554,20.2263,73.76,57,0,10.69,clear sky
716,Yurga,RU,55.7231,84.8861,50.74,53,67,24.34,broken clouds
717,Ust-Tsilma,RU,65.441,52.1498,31.82,91,83,3.85,broken clouds
718,Fukue,JP,32.6881,128.8419,77.36,65,75,13.8,broken clouds
719,Sredneuralsk,RU,56.9892,60.4666,38.55,94,39,5.21,scattered clouds
720,Del Rio,US,29.3627,-100.8968,89.62,45,100,7.72,overcast clouds
721,Chapleau,CA,47.8405,-83.4034,69.89,52,20,2.3,few clouds
722,Sao Borja,BR,-28.6606,-56.0044,59.95,68,22,8.1,few clouds
723,Den Helder,NL,52.9599,4.7593,67.98,93,100,5.99,overcast clouds
724,Lincoln,US,40.8,-96.667,88.27,49,0,4.0,clear sky
725,Lipin Bor,RU,60.2622,37.9763,37.67,95,48,10.38,scattered clouds
726,Saint Andrews,US,34.0454,-81.1293,78.66,70,100,4.97,overcast clouds
727,Sabha,LY,27.0377,14.4283,80.94,36,0,8.5,clear sky
728,Manggar,ID,-2.8833,108.2667,75.33,94,100,3.74,moderate rain
729,Acarau,BR,-2.8856,-40.12,78.01,79,3,18.45,clear sky
730,Chulman,RU,56.8479,124.9104,37.94,93,98,11.1,overcast clouds
731,Matadi,CD,-5.8167,13.45,74.28,84,19,4.54,few clouds
732,Vila Velha,BR,-20.3297,-40.2925,71.55,76,75,5.75,broken clouds
733,Glogow,PL,51.6636,16.0845,57.63,87,99,7.56,overcast clouds
734,Agadez,NE,19.75,10.25,88.63,17,2,15.88,clear sky
735,Yueyang,CN,29.3333,113.0919,80.67,46,100,5.53,overcast clouds
736,Oriximina,BR,-1.7656,-55.8661,79.18,69,88,6.06,overcast clouds
